Lil baby type beat,
free Lil baby type beat,
Lil baby type beat 2021,
free Lil baby type beat 2021,
Lil baby hard type beat,
Lil baby hard type beat 2021,
lil durk type beat,
free lil durk type beat,
lil durk type beat 2021,
free lil durk type beat 2021,
lil durk hard type beat,
lil durk hard type beat 2021,
nav type beat,
free nav type beat,
nav type beat 2021,
free nav type beat 2021,
nav hard type beat,
nav hard type beat 2021

.
Lil baby type beat,free Lil baby type beat,Lil baby type beat 2021,free Lil baby type beat 2021,Lil baby hard type beat,Lil baby hard type beat 2021,lil durk type beat,free lil durk type beat,lil durk type beat 2021,free lil durk type beat 2021,lil durk hard type beat,lil durk hard type beat 2021,nav type beat,free nav type beat,nav type beat 2021,free nav type beat 2021,nav hard type beat,nav hard type beat 2021,prod.4real,fuckbeverlyhills,hard type beat

[FREE] Lil Baby x Lil Durk x NAV Hard Type Beat 2021 | "LOWKEY"
ğŸ“ˆBUY 1 GET 1 FREEğŸ”»
ğŸ’°Purchase This Beat | https://bsta.rs/beeee499
âœ”ï¸Free for non-profit use only.
âœ”ï¸Must credit (prod.4real x fuckbeverlyhills)

Contact:
ğŸ“·https://www.instagram.com/prod.4real
ğŸ“§4realbeatzz@gmail.com
ğŸ’¿https://www.beatstars.com/4real

#lilbabytypebeat #lildurktypebeat #navtypebeat
_____________________________________
tags..
lil baby type beat,free lil baby type beat,lil baby type beat 2020,future type beat,lil durk type beat,lil baby future type beat,lil baby lil durk type beat,lil durk type beat 2021,lil baby type beat free for profit,lil durk type beat free for profit hard,free lil baby type beat 2020,lil baby type beat free for profit hard,free lil durk type beat 2021,lil baby type beat 2021 free,lil baby type beat free no tags,lil durk type beats free,lil durk type beat 2020 hard,lil durk type beat 2020 trap,lil durk type beat free 2021,nav type beat,free nav type beat,nav type beat 2021,free nav type beat 2021,nav hard type beat,nav hard type beat 2021


[FREE] Lil Baby x Lil Durk x NAV Hard Type Beat 2021
original title | "lowkey" 140bpm (prod.4real x fuckbeverlyhills)

LAYOUT
0:00 Intro
